{
  "id": "food-24",
  "name": "Broccoli",
  "categories": [
    "rich-in-vegetables",
    "cruciferous",
    "high-fiber",
    "high-water-rich",
    "low-glycemic",
    "anti-inflammatory"
  ],
  "properties": [
    "Cruciferous vegetable",
    "Low in calorie density",
    "High in fiber and water",
    "Part of Daily Dozen vegetables",
    "Checks off multiple optimal weight-loss ingredients"
  ],
  "benefits": "Broccoli with garlic sauce can incorporate at least half of the seventeen optimal weight-loss ingredients. Low glycemic load, high in fiber, anti-inflammatory, and low in calorie density. Part of cruciferous vegetables group which supports weight loss.",
  "synergies": [
    "garlic",
    "beans",
    "vinegar",
    "cashews",
    "nutritional-yeast"
  ],
  "conflicts": [],
  "timing": [
    "any-meal",
    "particularly-effective-in-soups"
  ],
  "amount": "Part of Daily Dozen - aim for cruciferous vegetables daily",
  "sources": {
    "pages": [
      14,
      58,
      59
    ],
    "quotes": [
      "A dish from the vegetable section, such as broccoli with garlic sauce, might incorporate at least half of them [optimal weight-loss ingredients]."
    ]
  }
}
