{
  "id": "food-27",
  "name": "Cabbage",
  "categories": [
    "rich-in-vegetables",
    "cruciferous",
    "anti-inflammatory",
    "high-fiber"
  ],
  "properties": [
    "Cruciferous vegetable",
    "High in antioxidants",
    "Helps prevent oxidation of LDL cholesterol",
    "Part of Daily Dozen - 1 serving of cruciferous vegetables daily"
  ],
  "benefits": "Helps reduce risk of heart disease and strokes through antioxidants preventing the oxidation of bad LDL cholesterol. Significant reductions in total cholesterol, LDL cholesterol, and blood sugar levels.",
  "synergies": [
    "kale",
    "other-cruciferous-vegetables"
  ],
  "conflicts": [],
  "timing": [
    "any-meal"
  ],
  "amount": "Daily consumption recommended (as part of cruciferous vegetables)",
  "sources": {
    "pages": [
      13
    ],
    "quotes": [
      "Increased fruit and vegetable consumption can help reduce risk of heart disease and strokes, partly due to their antioxidants preventing the oxidation of bad LDL cholesterol. Study subjects ate kale and cabbage every day for two weeks and got increased antioxidant capacity of their blood and significant reductions of total cholesterol, LDL cholesterol, blood sugar levels, and oxidized LDL."
    ]
  }
}
