{
  "id": "food-61",
  "name": "Goji Berries",
  "categories": [
    "rich-in-fruits",
    "anti-inflammatory",
    "weight-loss-booster",
    "high-fiber"
  ],
  "properties": [
    "AMPK-activating dried fruit",
    "Anti-inflammatory properties",
    "Better choice than raisins for weight loss",
    "Rich in antioxidants and vitamins",
    "Slightly sweet flavor"
  ],
  "benefits": "Goji berries are recommended as a weight-loss-optimized alternative to raisins. They activate AMPK, which helps boost cellular metabolism and fat burning. Their anti-inflammatory properties and nutrient density make them an excellent breakfast addition.",
  "synergies": [
    "oat-groats-whole-intact-oats",
    "steel-cut-oats",
    "breakfast-foods-large"
  ],
  "conflicts": [],
  "timing": [
    "breakfast"
  ],
  "amount": "Use as dried fruit alternative in breakfast dishes",
  "sources": {
    "pages": [
      18
    ],
    "quotes": [
      "If we did want to use dried, as we learned in the Amping AMPK and Inflammation Quenchers sections, barberries or gojis might be a better choice."
    ]
  }
}
