{
  "id": "food-69",
  "name": "Jalapeño Pepper",
  "categories": [
    "weight-loss-booster",
    "fat-burner",
    "thermogenic",
    "herbs-and-spices"
  ],
  "properties": [
    "BAT (brown adipose tissue) activation",
    "Contains capsaicin for thermogenesis",
    "Fat burning properties",
    "Metabolism-boosting",
    "Alternative to cayenne pepper"
  ],
  "benefits": "Jalapeño peppers activate brown adipose tissue (BAT), which burns calories to generate heat. The capsaicin in jalapeños triggers thermogenesis, increasing metabolic rate and fat burning. BAT activation is a powerful weight-loss mechanism that turns white fat into metabolically active brown fat. Can be sliced thinly or chopped finely to reduce heat while maintaining benefits.",
  "synergies": [
    "soups",
    "vegetable-dishes",
    "meals-in-general"
  ],
  "conflicts": [],
  "timing": [
    "daily",
    "any-meal"
  ],
  "amount": "1 raw jalapeño pepper daily",
  "sources": {
    "pages": [
      24
    ],
    "quotes": [
      "Alternately, for BAT activation, you can add one raw jalapeño pepper or ½ teaspoon of red pepper powder (or, presumably, crushed red pepper flakes) into your daily diet. To help beat the heat, you can very thinly slice or finely chop the jalapeño to reduce its bite to little prickles, or mix the red pepper into soup."
    ]
  }
}
