{
  "id": "food-70",
  "name": "Jalapeño Peppers",
  "categories": [
    "weight-loss-booster",
    "metabolic-booster",
    "thermogenic",
    "vegetables"
  ],
  "properties": [
    "BAT (Brown Adipose Tissue) activation",
    "Contains capsaicin for thermogenesis",
    "Alternative to cayenne pepper",
    "Can be used raw or cooked",
    "Metabolism-boosting properties"
  ],
  "benefits": "Jalapeño peppers activate brown adipose tissue (BAT) which increases calorie burning. One raw jalapeño pepper per day can help boost metabolism through thermogenic effects. The capsaicin content stimulates fat burning and increases energy expenditure.",
  "synergies": [
    "soups",
    "salads",
    "vegetable-smoothies"
  ],
  "conflicts": [],
  "timing": [
    "daily",
    "can-be-added-to-meals"
  ],
  "amount": "1 raw jalapeño pepper daily (or 1/2 tsp red pepper powder)",
  "sources": {
    "pages": [
      24
    ],
    "quotes": [
      "Alternately, for BAT activation, you can add one raw jalapeño pepper or ½ teaspoon of red pepper powder (or, presumably, crushed red pepper flakes) into your daily diet. To help beat the heat, you can very thinly slice or finely chop the jalapeño to reduce its bite to little prickles, or mix the red pepper into soup or the whole food vegetable smoothie featured in one of my cooking videos on NutritionFacts.org."
    ]
  }
}
