{
  "id": "food-82",
  "name": "Mustard Greens",
  "categories": [
    "rich-in-vegetables",
    "cruciferous",
    "greens",
    "anti-inflammatory",
    "high-fiber"
  ],
  "properties": [
    "Cruciferous green",
    "Slightly spicy, pungent flavor",
    "Part of Daily Dozen greens and cruciferous vegetables",
    "Very low calorie density",
    "High in vitamins and minerals"
  ],
  "benefits": "Mustard greens are cruciferous green vegetables that provide both greens and cruciferous vegetable benefits. They offer powerful antioxidants and anti-inflammatory compounds. The slightly spicy flavor adds depth to soups and salads.",
  "synergies": [
    "rocket-arugula",
    "watercress",
    "beans-legumes",
    "vinegar"
  ],
  "conflicts": [],
  "timing": [
    "any-meal",
    "particularly-effective-in-soups"
  ],
  "amount": "Part of Daily Dozen - counts toward both greens (2 servings) and cruciferous (1 serving) daily, typically 2 cups coarsely chopped",
  "sources": {
    "pages": [
      15,
      32,
      33
    ],
    "quotes": [
      "GREENS checkbox in Daily Dozen. CRUCIFEROUS VEGETABLES checkbox in Daily Dozen",
      "2 cups/50g coarsely chopped rocket, watercress or mustard greens - used in Spring Greens Soup"
    ]
  }
}
