{
  "id": "food-89",
  "name": "Oat Groats (Whole Intact Oats)",
  "categories": [
    "rich-in-whole-grains",
    "high-fiber",
    "high-water-rich",
    "low-glycemic"
  ],
  "properties": [
    "Whole, intact grain kernels (groats)",
    "Calories trapped within cell walls",
    "Part of Daily Dozen - 3 servings of whole grains daily",
    "Better than steel-cut, rolled, or instant oats",
    "Maintains structural integrity"
  ],
  "benefits": "Provides fiber-encased calories which blunts glycemic impact, activates ileal brake that dials down appetite, and delivers sustenance to friendly gut flora. Better blood sugar control than processed oat forms.",
  "synergies": [
    "berries",
    "flaxseeds",
    "nuts"
  ],
  "conflicts": [
    "powdered-oats",
    "instant-oats"
  ],
  "timing": [
    "breakfast",
    "any-meal"
  ],
  "amount": "Part of 3 daily servings of whole grains",
  "sources": {
    "pages": [
      17,
      18
    ],
    "quotes": [
      "Take oats, for example. They're found out in the fields as oat groats and then have their inedible outer husks removed during processing. Groats can then be sliced into two to four pieces to make steel-cut oats... Instead of buying boxed breakfast cereals, make oatmeal out of whole, intact oats. They're gr-r-oat!"
    ]
  }
}
