{
  "id": "recipe-072",
  "name": "Slow Cooker Apple Pie Oat Groats",
  "page": 309,
  "servings": "4",
  "difficulty": "Easy",
  "meal_type": "Breakfast",
  "foods_used": [
    "oat-groats-whole-intact-oats",
    "chia-seeds",
    "cinnamon",
    "apples",
    "goji-berries"
  ],
  "daily_dozen_coverage": {
    "berries": 1,
    "other_fruits": 1,
    "nuts_seeds": 1,
    "herbs_spices": 1,
    "whole_grains": 1
  },
  "tweaks_21_incorporated": [],
  "key_synergies": [
    "oat-groats-whole-intact-oats",
    "apples"
  ]
}