{
  "id": "recipe-085",
  "name": "Berbere Spice Blend",
  "page": 337,
  "servings": "1/3 cup",
  "difficulty": "Easy",
  "meal_type": "Spice Blend",
  "foods_used": [
    "paprika",
    "cayenne-pepper",
    "coriander",
    "ginger",
    "turmeric",
    "cumin",
    "cardamom",
    "black-pepper",
    "nutmeg",
    "cloves",
    "cinnamon"
  ],
  "daily_dozen_coverage": {
    "greens": 1,
    "other_veg": 1,
    "herbs_spices": 1
  },
  "tweaks_21_incorporated": [
    "cumin",
    "curcumin",
    "ground_ginger",
    "black_pepper",
    "cayenne"
  ],
  "key_synergies": [
    "turmeric",
    "ginger",
    "cloves",
    "coriander",
    "cinnamon"
  ]
}